{"cameraMode":{"drawMode":0,"name":"Shaded","section":"Shading Mode"},"sceneLighting":false,"audioPlay":false,"sceneViewState":{"showFog":true,"showMaterialUpdate":false,"showSkybox":true,"showFlares":true,"showImageEffects":true,"showParticleSystems":true},"in2DMode":false,"pivot":{"x":-0.002963367849588394,"y":0.040653280913829806,"z":0.0013457536697387696},"rotation":{"x":0.04621988162398338,"y":0.10618410259485245,"z":-0.004941128194332123,"w":0.9932594299316406},"size":1.9571691751480103,"orthographic":false}