{"cameraMode":{"drawMode":1,"name":"Wireframe","section":"Shading Mode"},"sceneLighting":true,"audioPlay":false,"sceneViewState":{"showFog":true,"showMaterialUpdate":false,"showSkybox":true,"showFlares":true,"showImageEffects":true,"showParticleSystems":true},"in2DMode":false,"pivot":{"x":5.128134250640869,"y":-11.521160125732422,"z":12.05324935913086},"rotation":{"x":0.34472665190696719,"y":0.2808718979358673,"z":-0.10890699923038483,"w":0.8890522122383118},"size":25.08659553527832,"orthographic":false}