{"cameraMode":{"drawMode":0,"name":"Shaded","section":"Shading Mode"},"sceneLighting":false,"audioPlay":false,"sceneViewState":{"showFog":true,"showMaterialUpdate":false,"showSkybox":true,"showFlares":true,"showImageEffects":true,"showParticleSystems":true},"in2DMode":false,"pivot":{"x":1.1182022094726563,"y":-2.007330894470215,"z":-0.2627912759780884},"rotation":{"x":0.07163923233747482,"y":0.9060155153274536,"z":-0.17048971354961396,"w":0.38070595264434817},"size":2.8578836917877199,"orthographic":false}